airline,route,airline_route,is_domestic,total_flights,Cancelled,Delayed,OnTime,ontime_rate,delayed_rate,cancelled_rate,cluster
5O,ALG-CDG,5O_ALG-CDG,False,1208,32,71,1105,91.47350993377484,5.877483443708609,2.6490066225165565,1
5O,ALG-LIL,5O_ALG-LIL,False,273,3,9,261,95.6043956043956,3.296703296703297,1.098901098901099,0
5O,ALG-LYS,5O_ALG-LYS,False,454,7,7,440,96.91629955947137,1.5418502202643172,1.5418502202643172,0
5O,ALG-MLH,5O_ALG-MLH,False,89,1,3,85,95.50561797752809,3.3707865168539324,1.1235955056179776,0
5O,CDG-ALG,5O_CDG-ALG,False,1196,27,14,1155,96.57190635451505,1.1705685618729096,2.25752508361204,0
5O,LIL-ALG,5O_LIL-ALG,False,257,3,2,252,98.0544747081712,0.7782101167315175,1.1673151750972763,0
5O,LYS-ALG,5O_LYS-ALG,False,459,10,7,442,96.29629629629629,1.5250544662309369,2.178649237472767,0
5O,MLH-ALG,5O_MLH-ALG,False,92,2,2,88,95.65217391304348,2.1739130434782608,2.1739130434782608,0
AC,ALG-YUL,AC_ALG-YUL,False,134,10,7,117,87.31343283582089,5.223880597014925,7.462686567164178,1
AC,YUL-ALG,AC_YUL-ALG,False,123,8,3,112,91.05691056910568,2.4390243902439024,6.504065040650407,1
AF,ALG-CDG,AF_ALG-CDG,False,2281,71,17,2193,96.14204296361245,0.7452871547566856,3.1126698816308638,0
AF,ALG-MRS,AF_ALG-MRS,False,266,10,3,253,95.11278195488721,1.1278195488721803,3.7593984962406015,0
AF,ALG-ORY,AF_ALG-ORY,False,1194,107,4,1083,90.7035175879397,0.33500837520938026,8.961474036850921,1
AF,ALG-TLS,AF_ALG-TLS,False,131,7,0,124,94.65648854961832,0.0,5.343511450381679,0
AF,CDG-ALG,AF_CDG-ALG,False,2292,71,82,2139,93.32460732984293,3.5776614310645725,3.0977312390924956,0
AF,MRS-ALG,AF_MRS-ALG,False,265,10,1,254,95.84905660377359,0.37735849056603776,3.7735849056603774,0
AF,NCE-ALG,AF_NCE-ALG,False,31,0,4,27,87.09677419354838,12.903225806451612,0.0,1
AF,ORY-ALG,AF_ORY-ALG,False,1195,103,12,1080,90.3765690376569,1.00418410041841,8.619246861924685,1
AF,TLS-ALG,AF_TLS-ALG,False,132,6,1,125,94.6969696969697,0.7575757575757576,4.545454545454546,0
AH,AAE-ALG,AH_AAE-ALG,False,2812,21,116,2675,95.1280227596017,4.125177809388336,0.7467994310099573,0
AH,ABJ-ALG,AH_ABJ-ALG,False,185,4,0,181,97.83783783783784,0.0,2.1621621621621623,0
AH,ALC-ALG,AH_ALC-ALG,True,135,1,13,121,89.62962962962962,9.62962962962963,0.7407407407407408,1
AH,ALG-AAE,AH_ALG-AAE,False,2843,26,54,2763,97.18607105170595,1.8994020400984875,0.9145269081955681,0
AH,ALG-ABJ,AH_ALG-ABJ,False,178,7,16,155,87.07865168539325,8.98876404494382,3.932584269662921,1
AH,ALG-ALC,AH_ALG-ALC,True,137,1,15,121,88.32116788321169,10.948905109489052,0.7299270072992701,1
AH,ALG-AMM,AH_ALG-AMM,False,111,11,4,96,86.48648648648648,3.6036036036036037,9.90990990990991,1
AH,ALG-AYT,AH_ALG-AYT,False,158,0,7,151,95.56962025316456,4.430379746835443,0.0,0
AH,ALG-AZR,AH_ALG-AZR,False,1490,15,55,1420,95.30201342281879,3.691275167785235,1.006711409395973,0
AH,ALG-BCN,AH_ALG-BCN,False,630,0,16,614,97.46031746031746,2.5396825396825395,0.0,0
AH,ALG-BEY,AH_ALG-BEY,False,84,9,1,74,88.09523809523809,1.1904761904761905,10.714285714285714,1
AH,ALG-BJA,AH_ALG-BJA,False,547,9,11,527,96.3436928702011,2.010968921389397,1.6453382084095063,0
AH,ALG-BKO,AH_ALG-BKO,False,286,24,11,251,87.76223776223776,3.8461538461538463,8.391608391608392,1
AH,ALG-BLJ,AH_ALG-BLJ,False,626,12,10,604,96.48562300319489,1.5974440894568689,1.9169329073482428,0
AH,ALG-BMW,AH_ALG-BMW,False,51,0,2,49,96.07843137254902,3.9215686274509802,0.0,0
AH,ALG-BOD,AH_ALG-BOD,False,231,1,6,224,96.96969696969697,2.5974025974025974,0.4329004329004329,0
AH,ALG-BRU,AH_ALG-BRU,False,304,1,7,296,97.36842105263158,2.302631578947368,0.3289473684210526,0
AH,ALG-BSK,AH_ALG-BSK,False,854,22,9,823,96.37002341920375,1.053864168618267,2.576112412177986,0
AH,ALG-CAI,AH_ALG-CAI,False,441,6,18,417,94.5578231292517,4.081632653061225,1.3605442176870748,0
AH,ALG-CBH,AH_ALG-CBH,False,720,10,26,684,95.0,3.6111111111111107,1.3888888888888888,0
AH,ALG-CDG,AH_ALG-CDG,False,3445,115,78,3252,94.39767779390421,2.2641509433962264,3.3381712626995643,0
AH,ALG-CTU,AH_ALG-CTU,False,56,9,0,47,83.92857142857143,0.0,16.071428571428573,1
AH,ALG-CZL,AH_ALG-CZL,False,3395,34,90,3271,96.34756995581738,2.6509572901325478,1.0014727540500736,0
AH,ALG-DJG,AH_ALG-DJG,False,604,3,56,545,90.23178807947019,9.271523178807946,0.49668874172185434,1
AH,ALG-DLA,AH_ALG-DLA,False,123,0,14,109,88.6178861788618,11.38211382113821,0.0,1
AH,ALG-DOH,AH_ALG-DOH,False,220,20,1,199,90.45454545454545,0.45454545454545453,9.090909090909092,1
AH,ALG-DSS,AH_ALG-DSS,False,460,7,31,422,91.73913043478261,6.739130434782608,1.5217391304347827,1
AH,ALG-DXB,AH_ALG-DXB,False,565,14,84,467,82.65486725663716,14.867256637168142,2.47787610619469,1
AH,ALG-EBH,AH_ALG-EBH,False,234,27,8,199,85.04273504273505,3.418803418803419,11.538461538461538,1
AH,ALG-ELG,AH_ALG-ELG,False,391,7,7,377,96.41943734015345,1.7902813299232736,1.7902813299232736,0
AH,ALG-ELU,AH_ALG-ELU,False,1004,15,14,975,97.11155378486056,1.394422310756972,1.4940239043824701,0
AH,ALG-ETZ,AH_ALG-ETZ,False,315,2,3,310,98.4126984126984,0.9523809523809524,0.6349206349206349,0
AH,ALG-FCO,AH_ALG-FCO,False,406,1,0,405,99.75369458128078,0.0,0.24630541871921183,0
AH,ALG-FRA,AH_ALG-FRA,False,370,1,8,361,97.56756756756756,2.1621621621621623,0.2702702702702703,0
AH,ALG-GHA,AH_ALG-GHA,False,1010,12,46,952,94.25742574257426,4.554455445544554,1.188118811881188,0
AH,ALG-GJL,AH_ALG-GJL,False,1111,21,17,1073,96.57965796579659,1.5301530153015301,1.8901890189018902,0
AH,ALG-GVA,AH_ALG-GVA,False,391,1,2,388,99.23273657289002,0.5115089514066496,0.2557544757033248,0
AH,ALG-HME,AH_ALG-HME,False,1453,36,52,1365,93.94356503785272,3.5788024776324847,2.477632484514797,0
AH,ALG-IAM,AH_ALG-IAM,False,255,4,13,238,93.33333333333333,5.098039215686274,1.5686274509803921,0
AH,ALG-INZ,AH_ALG-INZ,False,241,3,16,222,92.11618257261411,6.639004149377594,1.2448132780082988,1
AH,ALG-IST,AH_ALG-IST,False,1853,23,103,1727,93.20021586616298,5.5585536967080404,1.24123043712898,0
AH,ALG-JED,AH_ALG-JED,False,415,4,29,382,92.04819277108433,6.987951807228916,0.9638554216867471,1
AH,ALG-JNB,AH_ALG-JNB,False,67,8,0,59,88.05970149253731,0.0,11.940298507462686,1
AH,ALG-LHR,AH_ALG-LHR,False,484,3,7,474,97.93388429752066,1.4462809917355373,0.6198347107438017,0
AH,ALG-LIL,AH_ALG-LIL,False,477,1,5,471,98.74213836477988,1.0482180293501049,0.20964360587002098,0
AH,ALG-LIS,AH_ALG-LIS,False,154,3,2,149,96.75324675324676,1.2987012987012987,1.948051948051948,0
AH,ALG-LOO,AH_ALG-LOO,False,413,22,6,385,93.22033898305084,1.4527845036319613,5.326876513317192,0
AH,ALG-LYS,AH_ALG-LYS,False,1064,14,19,1031,96.8984962406015,1.7857142857142856,1.3157894736842104,0
AH,ALG-MAD,AH_ALG-MAD,False,160,4,9,147,91.875,5.625,2.5,1
AH,ALG-MED,AH_ALG-MED,False,405,4,40,361,89.13580246913581,9.876543209876543,0.9876543209876543,1
AH,ALG-MLH,AH_ALG-MLH,False,143,0,4,139,97.2027972027972,2.797202797202797,0.0,0
AH,ALG-MPL,AH_ALG-MPL,False,229,2,2,225,98.2532751091703,0.8733624454148471,0.8733624454148471,0
AH,ALG-MRS,AH_ALG-MRS,False,1738,29,37,1672,96.20253164556962,2.128883774453395,1.668584579976985,0
AH,ALG-MXP,AH_ALG-MXP,False,265,3,1,261,98.49056603773585,0.37735849056603776,1.1320754716981132,0
AH,ALG-MZW,AH_ALG-MZW,False,118,13,3,102,86.4406779661017,2.5423728813559325,11.016949152542372,1
AH,ALG-NCE,AH_ALG-NCE,False,388,3,3,382,98.4536082474227,0.7731958762886598,0.7731958762886598,0
AH,ALG-NIM,AH_ALG-NIM,False,146,4,14,128,87.67123287671232,9.58904109589041,2.73972602739726,1
AH,ALG-NKC,AH_ALG-NKC,False,270,1,18,251,92.96296296296296,6.666666666666667,0.3703703703703704,0
AH,ALG-OGX,AH_ALG-OGX,False,1168,26,46,1096,93.83561643835617,3.9383561643835616,2.2260273972602738,0
AH,ALG-ORN,AH_ALG-ORN,False,3565,46,119,3400,95.37166900420758,3.3380084151472653,1.2903225806451613,0
AH,ALG-ORY,AH_ALG-ORY,False,2529,46,45,2438,96.40173981810992,1.7793594306049825,1.8189007512850928,0
AH,ALG-OUA,AH_ALG-OUA,False,124,6,10,108,87.09677419354838,8.064516129032258,4.838709677419355,1
AH,ALG-PEK,AH_ALG-PEK,False,113,1,3,109,96.46017699115043,2.6548672566371683,0.8849557522123894,0
AH,ALG-PMI,AH_ALG-PMI,False,91,0,3,88,96.7032967032967,3.296703296703297,0.0,0
AH,ALG-QSF,AH_ALG-QSF,False,348,6,1,341,97.98850574712644,0.28735632183908044,1.7241379310344827,0
AH,ALG-STN,AH_ALG-STN,False,74,0,0,74,100.0,0.0,0.0,0
AH,ALG-SVO,AH_ALG-SVO,False,267,2,21,244,91.38576779026218,7.865168539325842,0.7490636704119851,1
AH,ALG-TEE,AH_ALG-TEE,False,722,15,12,695,96.26038781163435,1.662049861495845,2.0775623268698062,0
AH,ALG-TGR,AH_ALG-TGR,False,489,20,9,460,94.06952965235173,1.8404907975460123,4.08997955010225,0
AH,ALG-TID,AH_ALG-TID,False,213,71,22,120,56.33802816901409,10.328638497652582,33.33333333333333,2
AH,ALG-TIN,AH_ALG-TIN,False,716,8,33,675,94.27374301675978,4.608938547486034,1.1173184357541899,0
AH,ALG-TLM,AH_ALG-TLM,False,473,4,16,453,95.77167019027483,3.382663847780127,0.8456659619450317,0
AH,ALG-TLS,AH_ALG-TLS,False,499,5,4,490,98.19639278557113,0.8016032064128256,1.002004008016032,0
AH,ALG-TMR,AH_ALG-TMR,False,971,3,63,905,93.20288362512873,6.488156539649846,0.30895983522142123,0
AH,ALG-TMX,AH_ALG-TMX,False,676,13,12,651,96.30177514792899,1.7751479289940828,1.9230769230769231,0
AH,ALG-TUN,AH_ALG-TUN,False,1335,25,21,1289,96.55430711610487,1.5730337078651686,1.8726591760299627,0
AH,ALG-VIE,AH_ALG-VIE,False,102,8,0,94,92.15686274509804,0.0,7.8431372549019605,0
AH,ALG-VVZ,AH_ALG-VVZ,False,198,0,0,198,100.0,0.0,0.0,0
AH,ALG-YUL,AH_ALG-YUL,False,658,2,7,649,98.63221884498479,1.0638297872340425,0.303951367781155,0
AH,AMM-ALG,AH_AMM-ALG,False,114,7,2,105,92.10526315789474,1.7543859649122806,6.140350877192982,0
AH,AYT-ALG,AH_AYT-ALG,False,158,0,1,157,99.36708860759494,0.6329113924050633,0.0,0
AH,AZR-ALG,AH_AZR-ALG,False,1407,19,75,1313,93.31911869225303,5.330490405117271,1.3503909026297085,0
AH,BCN-ALG,AH_BCN-ALG,False,626,1,32,593,94.72843450479233,5.111821086261981,0.1597444089456869,0
AH,BEY-ALG,AH_BEY-ALG,False,87,8,4,75,86.20689655172413,4.597701149425287,9.195402298850574,1
AH,BJA-ALG,AH_BJA-ALG,False,550,11,26,513,93.27272727272728,4.7272727272727275,2.0,0
AH,BKO-ALG,AH_BKO-ALG,False,297,16,8,273,91.91919191919192,2.6936026936026933,5.387205387205387,0
AH,BLJ-ALG,AH_BLJ-ALG,False,622,9,37,576,92.60450160771704,5.94855305466238,1.4469453376205788,0
AH,BMW-ALG,AH_BMW-ALG,False,58,1,2,55,94.82758620689656,3.4482758620689653,1.7241379310344827,0
AH,BOD-ALG,AH_BOD-ALG,False,229,0,19,210,91.70305676855895,8.296943231441048,0.0,1
AH,BRU-ALG,AH_BRU-ALG,False,306,1,17,288,94.11764705882352,5.555555555555555,0.32679738562091504,0
AH,BSK-ALG,AH_BSK-ALG,False,850,19,25,806,94.82352941176471,2.941176470588235,2.235294117647059,0
AH,CAI-ALG,AH_CAI-ALG,False,442,0,5,437,98.86877828054298,1.1312217194570136,0.0,0
AH,CBH-ALG,AH_CBH-ALG,False,718,12,36,670,93.31476323119777,5.013927576601671,1.6713091922005572,0
AH,CDG-ALG,AH_CDG-ALG,False,3422,108,217,3097,90.50263004091175,6.341320864991233,3.1560490940970194,1
AH,CZL-ALG,AH_CZL-ALG,False,3403,49,190,3164,92.97678518953865,5.583308845136644,1.4399059653247135,0
AH,DJG-ALG,AH_DJG-ALG,False,481,0,23,458,95.21829521829522,4.781704781704782,0.0,0
AH,DLA-ALG,AH_DLA-ALG,False,121,0,4,117,96.69421487603306,3.3057851239669422,0.0,0
AH,DOH-ALG,AH_DOH-ALG,False,218,16,7,195,89.44954128440367,3.211009174311927,7.339449541284404,1
AH,DSS-ALG,AH_DSS-ALG,False,465,2,4,459,98.70967741935483,0.8602150537634409,0.43010752688172044,0
AH,DXB-ALG,AH_DXB-ALG,False,557,9,6,542,97.30700179533214,1.0771992818671454,1.615798922800718,0
AH,EBH-ALG,AH_EBH-ALG,False,232,32,7,193,83.1896551724138,3.0172413793103448,13.793103448275861,1
AH,ELG-ALG,AH_ELG-ALG,False,287,5,27,255,88.85017421602788,9.40766550522648,1.7421602787456445,1
AH,ELU-ALG,AH_ELU-ALG,False,1010,15,48,947,93.76237623762376,4.752475247524752,1.4851485148514851,0
AH,ETZ-ALG,AH_ETZ-ALG,False,317,1,5,311,98.10725552050474,1.5772870662460567,0.31545741324921134,0
AH,FCO-ALG,AH_FCO-ALG,False,413,1,10,402,97.3365617433414,2.4213075060532687,0.24213075060532688,0
AH,FRA-ALG,AH_FRA-ALG,False,372,3,13,356,95.6989247311828,3.494623655913978,0.8064516129032258,0
AH,GHA-ALG,AH_GHA-ALG,False,1077,19,22,1036,96.19312906220983,2.042711234911792,1.7641597028783658,0
AH,GJL-ALG,AH_GJL-ALG,False,1110,18,29,1063,95.76576576576576,2.6126126126126126,1.6216216216216217,0
AH,GVA-ALG,AH_GVA-ALG,False,386,1,17,368,95.33678756476684,4.404145077720207,0.2590673575129534,0
AH,HME-ALG,AH_HME-ALG,False,1461,27,90,1344,91.9917864476386,6.160164271047227,1.8480492813141685,1
AH,IAM-ALG,AH_IAM-ALG,False,271,5,74,192,70.84870848708486,27.30627306273063,1.8450184501845017,1
AH,INZ-ALG,AH_INZ-ALG,False,327,6,13,308,94.18960244648318,3.9755351681957185,1.834862385321101,0
AH,IST-ALG,AH_IST-ALG,False,1848,24,47,1777,96.15800865800865,2.5432900432900434,1.2987012987012987,0
AH,JED-ALG,AH_JED-ALG,False,379,4,12,363,95.77836411609498,3.16622691292876,1.0554089709762533,0
AH,JNB-ALG,AH_JNB-ALG,False,65,4,2,59,90.76923076923077,3.076923076923077,6.153846153846154,1
AH,LED-ALG,AH_LED-ALG,False,30,1,1,28,93.33333333333333,3.3333333333333335,3.3333333333333335,0
AH,LHR-ALG,AH_LHR-ALG,False,484,5,28,451,93.18181818181817,5.785123966942149,1.0330578512396695,0
AH,LIL-ALG,AH_LIL-ALG,False,475,0,23,452,95.15789473684211,4.842105263157895,0.0,0
AH,LIS-ALG,AH_LIS-ALG,False,154,2,4,148,96.1038961038961,2.5974025974025974,1.2987012987012987,0
AH,LOO-ALG,AH_LOO-ALG,False,412,17,5,390,94.66019417475728,1.2135922330097086,4.12621359223301,0
AH,LYS-ALG,AH_LYS-ALG,False,1064,15,55,994,93.42105263157895,5.169172932330826,1.4097744360902256,0
AH,MAD-ALG,AH_MAD-ALG,False,157,2,11,144,91.71974522292994,7.006369426751593,1.2738853503184715,1
AH,MED-ALG,AH_MED-ALG,False,428,5,11,412,96.26168224299066,2.570093457943925,1.1682242990654206,0
AH,MLH-ALG,AH_MLH-ALG,False,149,1,1,147,98.65771812080537,0.6711409395973155,0.6711409395973155,0
AH,MPL-ALG,AH_MPL-ALG,False,230,1,6,223,96.95652173913044,2.608695652173913,0.43478260869565216,0
AH,MRS-ALG,AH_MRS-ALG,False,1716,24,17,1675,97.6107226107226,0.9906759906759907,1.3986013986013985,0
AH,MXP-ALG,AH_MXP-ALG,False,266,3,2,261,98.1203007518797,0.7518796992481203,1.1278195488721803,0
AH,MZW-ALG,AH_MZW-ALG,False,114,9,2,103,90.35087719298247,1.7543859649122806,7.894736842105263,1
AH,NCE-ALG,AH_NCE-ALG,False,391,5,13,373,95.39641943734016,3.324808184143223,1.278772378516624,0
AH,NIM-ALG,AH_NIM-ALG,False,151,2,1,148,98.01324503311258,0.6622516556291391,1.3245033112582782,0
AH,NKC-ALG,AH_NKC-ALG,False,269,0,3,266,98.88475836431226,1.1152416356877324,0.0,0
AH,OGX-ALG,AH_OGX-ALG,False,1320,37,80,1203,91.13636363636364,6.0606060606060606,2.803030303030303,1
AH,ORN-ALG,AH_ORN-ALG,False,3550,34,171,3345,94.22535211267605,4.816901408450704,0.9577464788732395,0
AH,ORY-ALG,AH_ORY-ALG,False,2514,38,119,2357,93.75497215592681,4.733492442322991,1.511535401750199,0
AH,OUA-ALG,AH_OUA-ALG,False,125,4,1,120,96.0,0.8,3.2,0
AH,PEK-ALG,AH_PEK-ALG,False,168,5,12,151,89.88095238095238,7.142857142857142,2.976190476190476,1
AH,PMI-ALG,AH_PMI-ALG,False,92,2,10,80,86.95652173913044,10.869565217391305,2.1739130434782608,1
AH,QSF-ALG,AH_QSF-ALG,False,353,7,18,328,92.91784702549575,5.099150141643059,1.9830028328611897,0
AH,STN-ALG,AH_STN-ALG,False,76,0,5,71,93.42105263157895,6.578947368421052,0.0,0
AH,SVO-ALG,AH_SVO-ALG,False,269,3,6,260,96.6542750929368,2.2304832713754648,1.1152416356877324,0
AH,TEE-ALG,AH_TEE-ALG,False,726,13,34,679,93.52617079889806,4.683195592286501,1.790633608815427,0
AH,TGR-ALG,AH_TGR-ALG,False,495,19,8,468,94.54545454545455,1.6161616161616161,3.8383838383838382,0
AH,TID-ALG,AH_TID-ALG,False,217,75,19,123,56.68202764976959,8.755760368663594,34.56221198156682,2
AH,TIN-ALG,AH_TIN-ALG,False,749,15,31,703,93.8584779706275,4.138851802403204,2.0026702269692924,0
AH,TLM-ALG,AH_TLM-ALG,False,465,3,36,426,91.61290322580645,7.741935483870968,0.6451612903225806,1
AH,TLS-ALG,AH_TLS-ALG,False,496,4,6,486,97.98387096774194,1.2096774193548387,0.8064516129032258,0
AH,TMR-ALG,AH_TMR-ALG,False,982,10,58,914,93.07535641547861,5.906313645621181,1.0183299389002036,0
AH,TMX-ALG,AH_TMX-ALG,False,684,13,13,658,96.19883040935673,1.9005847953216373,1.9005847953216373,0
AH,TUN-ALG,AH_TUN-ALG,False,1334,21,35,1278,95.80209895052474,2.623688155922039,1.5742128935532234,0
AH,VIE-ALG,AH_VIE-ALG,False,101,6,4,91,90.0990099009901,3.9603960396039604,5.9405940594059405,1
AH,VVZ-ALG,AH_VVZ-ALG,False,267,3,3,261,97.75280898876404,1.1235955056179776,1.1235955056179776,0
AH,YUL-ALG,AH_YUL-ALG,False,661,2,14,645,97.57942511346445,2.118003025718608,0.30257186081694404,0
AZ,ALG-FCO,AZ_ALG-FCO,False,921,42,6,873,94.78827361563518,0.6514657980456027,4.5602605863192185,0
AZ,FCO-ALG,AZ_FCO-ALG,False,920,41,54,825,89.67391304347827,5.869565217391305,4.456521739130435,1
BA,ALG-LGW,BA_ALG-LGW,False,315,25,16,274,86.98412698412699,5.079365079365079,7.936507936507936,1
BA,ALG-LHR,BA_ALG-LHR,False,293,3,21,269,91.80887372013652,7.167235494880546,1.023890784982935,1
BA,LGW-ALG,BA_LGW-ALG,False,314,25,17,272,86.62420382165605,5.414012738853503,7.961783439490445,1
BA,LHR-ALG,BA_LHR-ALG,False,290,3,0,287,98.9655172413793,0.0,1.0344827586206897,0
BJ,ALG-TUN,BJ_ALG-TUN,False,267,21,20,226,84.6441947565543,7.490636704119851,7.865168539325842,1
BJ,TUN-ALG,BJ_TUN-ALG,False,262,21,13,228,87.02290076335878,4.961832061068702,8.015267175572518,1
EK,ALG-DXB,EK_ALG-DXB,False,658,10,3,645,98.0243161094225,0.4559270516717325,1.5197568389057752,0
EK,DXB-ALG,EK_DXB-ALG,False,657,10,3,644,98.02130898021308,0.45662100456621,1.5220700152207,0
IB,ALG-MAD,IB_ALG-MAD,False,276,6,2,268,97.10144927536231,0.7246376811594203,2.1739130434782608,0
IB,MAD-ALG,IB_MAD-ALG,False,275,5,3,267,97.0909090909091,1.090909090909091,1.8181818181818181,0
LH,ALG-FRA,LH_ALG-FRA,False,787,32,5,750,95.29860228716646,0.6353240152477764,4.066073697585769,0
LH,FRA-ALG,LH_FRA-ALG,False,785,26,66,693,88.28025477707007,8.40764331210191,3.3121019108280256,1
MS,ALG-CAI,MS_ALG-CAI,False,845,24,10,811,95.97633136094674,1.183431952662722,2.8402366863905324,0
MS,CAI-ALG,MS_CAI-ALG,False,816,22,46,748,91.66666666666666,5.637254901960785,2.696078431372549,1
QR,ALG-DOH,QR_ALG-DOH,False,669,14,7,648,96.8609865470852,1.046337817638266,2.092675635276532,0
QR,DOH-ALG,QR_DOH-ALG,False,661,16,3,642,97.12556732223904,0.45385779122541603,2.4205748865355523,0
RJ,ALG-AMM,RJ_ALG-AMM,False,114,2,2,110,96.49122807017544,1.7543859649122806,1.7543859649122806,0
RJ,AMM-ALG,RJ_AMM-ALG,False,115,2,2,111,96.52173913043478,1.7391304347826086,1.7391304347826086,0
SF,AAE-ALG,SF_AAE-ALG,False,177,0,11,166,93.78531073446328,6.214689265536723,0.0,0
SF,ALG-AAE,SF_ALG-AAE,False,177,0,3,174,98.30508474576271,1.694915254237288,0.0,0
SF,ALG-AZR,SF_ALG-AZR,False,223,0,6,217,97.30941704035875,2.690582959641256,0.0,0
SF,ALG-BJA,SF_ALG-BJA,False,149,2,9,138,92.61744966442953,6.0402684563758395,1.342281879194631,0
SF,ALG-BLJ,SF_ALG-BLJ,False,50,0,2,48,96.0,4.0,0.0,0
SF,ALG-BMW,SF_ALG-BMW,False,39,0,0,39,100.0,0.0,0.0,0
SF,ALG-BSK,SF_ALG-BSK,False,55,2,3,50,90.9090909090909,5.454545454545454,3.6363636363636362,1
SF,ALG-CBH,SF_ALG-CBH,False,220,0,9,211,95.9090909090909,4.090909090909091,0.0,0
SF,ALG-CDG,SF_ALG-CDG,False,354,12,10,332,93.78531073446328,2.824858757062147,3.389830508474576,0
SF,ALG-CZL,SF_ALG-CZL,False,1155,5,43,1107,95.84415584415584,3.722943722943723,0.4329004329004329,0
SF,ALG-ELU,SF_ALG-ELU,False,175,0,5,170,97.14285714285714,2.857142857142857,0.0,0
SF,ALG-HME,SF_ALG-HME,False,2254,28,99,2127,94.36557231588287,4.392191659272405,1.2422360248447204,0
SF,ALG-HRM,SF_ALG-HRM,False,424,4,8,412,97.16981132075472,1.8867924528301887,0.9433962264150944,0
SF,ALG-IAM,SF_ALG-IAM,False,755,8,37,710,94.03973509933775,4.900662251655629,1.0596026490066226,0
SF,ALG-INZ,SF_ALG-INZ,False,104,1,4,99,95.1923076923077,3.8461538461538463,0.9615384615384616,0
SF,ALG-IST,SF_ALG-IST,False,37,1,2,34,91.8918918918919,5.405405405405405,2.7027027027027026,1
SF,ALG-KRECHBA,SF_ALG-KRECHBA,False,301,16,11,274,91.0299003322259,3.6544850498338874,5.3156146179401995,1
SF,ALG-NTE,SF_ALG-NTE,False,183,1,8,174,95.08196721311475,4.371584699453552,0.546448087431694,0
SF,ALG-ORN,SF_ALG-ORN,False,921,5,40,876,95.11400651465797,4.3431053203040175,0.5428881650380022,0
SF,ALG-RHOUD,SF_ALG-RHOUD,False,286,6,12,268,93.7062937062937,4.195804195804196,2.097902097902098,0
SF,ALG-SSH,SF_ALG-SSH,False,34,0,3,31,91.17647058823529,8.823529411764707,0.0,1
SF,ALG-SXB,SF_ALG-SXB,False,184,1,1,182,98.91304347826086,0.5434782608695652,0.5434782608695652,0
SF,ALG-TIN,SF_ALG-TIN,False,123,0,7,116,94.3089430894309,5.691056910569105,0.0,0
SF,ALG-TINFOUYET,SF_ALG-TINFOUYET,False,56,3,2,51,91.07142857142857,3.571428571428571,5.357142857142857,1
SF,ALG-TMR,SF_ALG-TMR,False,103,1,2,100,97.0873786407767,1.9417475728155338,0.9708737864077669,0
SF,AZR-ALG,SF_AZR-ALG,False,220,0,15,205,93.18181818181817,6.8181818181818175,0.0,0
SF,BJA-ALG,SF_BJA-ALG,False,158,3,8,147,93.0379746835443,5.063291139240507,1.89873417721519,0
SF,BLJ-ALG,SF_BLJ-ALG,False,49,1,0,48,97.95918367346938,0.0,2.0408163265306123,0
SF,BMW-ALG,SF_BMW-ALG,False,36,0,0,36,100.0,0.0,0.0,0
SF,BSK-ALG,SF_BSK-ALG,False,55,0,1,54,98.18181818181819,1.8181818181818181,0.0,0
SF,CBH-ALG,SF_CBH-ALG,False,232,0,14,218,93.96551724137932,6.0344827586206895,0.0,0
SF,CDG-ALG,SF_CDG-ALG,False,348,15,7,326,93.67816091954023,2.0114942528735633,4.310344827586207,0
SF,CZL-ALG,SF_CZL-ALG,False,1161,6,75,1080,93.02325581395348,6.459948320413436,0.516795865633075,0
SF,ELU-ALG,SF_ELU-ALG,False,180,1,11,168,93.33333333333333,6.111111111111111,0.5555555555555556,0
SF,HME-ALG,SF_HME-ALG,False,2540,39,87,2414,95.03937007874016,3.425196850393701,1.5354330708661417,0
SF,HRM-ALG,SF_HRM-ALG,False,430,4,25,401,93.25581395348837,5.813953488372093,0.9302325581395349,0
SF,IAM-ALG,SF_IAM-ALG,False,520,8,32,480,92.3076923076923,6.153846153846154,1.5384615384615385,1
SF,INZ-ALG,SF_INZ-ALG,False,96,0,1,95,98.95833333333334,1.0416666666666665,0.0,0
SF,IST-ALG,SF_IST-ALG,False,35,2,1,32,91.42857142857143,2.857142857142857,5.714285714285714,1
SF,KRECHBA-ALG,SF_KRECHBA-ALG,False,263,9,8,246,93.5361216730038,3.041825095057034,3.4220532319391634,0
SF,NTE-ALG,SF_NTE-ALG,False,180,1,3,176,97.77777777777777,1.6666666666666667,0.5555555555555556,0
SF,ORN-ALG,SF_ORN-ALG,False,924,5,42,877,94.91341991341992,4.545454545454546,0.5411255411255411,0
SF,RHOUD-ALG,SF_RHOUD-ALG,False,293,12,6,275,93.85665529010238,2.04778156996587,4.09556313993174,0
SF,SSH-ALG,SF_SSH-ALG,False,38,0,1,37,97.36842105263158,2.631578947368421,0.0,0
SF,SXB-ALG,SF_SXB-ALG,False,180,1,1,178,98.88888888888889,0.5555555555555556,0.5555555555555556,0
SF,TIN-ALG,SF_TIN-ALG,False,121,0,7,114,94.21487603305785,5.785123966942149,0.0,0
SF,TMR-ALG,SF_TMR-ALG,False,114,1,4,109,95.6140350877193,3.508771929824561,0.8771929824561403,0
SV,ALG-JED,SV_ALG-JED,False,665,20,21,624,93.83458646616542,3.1578947368421053,3.007518796992481,0
SV,ALG-MED,SV_ALG-MED,False,181,9,6,166,91.71270718232044,3.314917127071823,4.972375690607735,1
SV,JED-ALG,SV_JED-ALG,False,738,21,19,698,94.579945799458,2.5745257452574526,2.8455284552845526,0
SV,MED-ALG,SV_MED-ALG,False,101,7,6,88,87.12871287128714,5.9405940594059405,6.9306930693069315,1
TB,ALG-BRU,TB_ALG-BRU,False,143,2,8,133,93.00699300699301,5.594405594405594,1.3986013986013985,0
TB,ALG-CRL,TB_ALG-CRL,False,60,0,6,54,90.0,10.0,0.0,1
TB,BRU-ALG,TB_BRU-ALG,False,138,2,6,130,94.20289855072464,4.3478260869565215,1.4492753623188406,0
TB,CRL-ALG,TB_CRL-ALG,False,60,0,1,59,98.33333333333333,1.6666666666666667,0.0,0
TK,ALG-AYT,TK_ALG-AYT,False,47,2,0,45,95.74468085106383,0.0,4.25531914893617,0
TK,ALG-IST,TK_ALG-IST,False,1835,45,19,1771,96.51226158038148,1.0354223433242506,2.452316076294278,0
TK,AYT-ALG,TK_AYT-ALG,False,46,2,3,41,89.13043478260869,6.521739130434782,4.3478260869565215,1
TK,IST-ALG,TK_IST-ALG,False,1835,40,130,1665,90.73569482288828,7.084468664850137,2.17983651226158,1
TO,ALG-LYS,TO_ALG-LYS,False,449,14,18,417,92.87305122494432,4.008908685968819,3.11804008908686,0
TO,ALG-MPL,TO_ALG-MPL,False,212,7,5,200,94.33962264150944,2.358490566037736,3.30188679245283,0
TO,ALG-NTE,TO_ALG-NTE,False,281,8,4,269,95.72953736654804,1.4234875444839856,2.8469750889679712,0
TO,ALG-ORY,TO_ALG-ORY,False,1905,54,26,1825,95.8005249343832,1.3648293963254594,2.8346456692913384,0
TO,ALG-SXB,TO_ALG-SXB,False,55,0,3,52,94.54545454545455,5.454545454545454,0.0,0
TO,LYS-ALG,TO_LYS-ALG,False,456,14,6,436,95.6140350877193,1.3157894736842104,3.070175438596491,0
TO,MPL-ALG,TO_MPL-ALG,False,206,6,2,198,96.11650485436894,0.9708737864077669,2.912621359223301,0
TO,NTE-ALG,TO_NTE-ALG,False,287,9,1,277,96.51567944250871,0.34843205574912894,3.1358885017421603,0
TO,ORY-ALG,TO_ORY-ALG,False,1921,46,51,1824,94.95054659031754,2.6548672566371683,2.3945861530452888,0
TO,SXB-ALG,TO_SXB-ALG,False,53,0,4,49,92.45283018867924,7.547169811320755,0.0,1
TU,ALG-TUN,TU_ALG-TUN,False,973,103,95,775,79.65056526207606,9.763617677286742,10.585817060637206,1
TU,TUN-ALG,TU_TUN-ALG,False,964,103,27,834,86.51452282157676,2.8008298755186725,10.684647302904564,1
V7,ALG-BOD,V7_ALG-BOD,False,445,7,13,425,95.50561797752809,2.9213483146067416,1.5730337078651686,0
V7,BOD-ALG,V7_BOD-ALG,False,432,6,7,419,96.99074074074075,1.6203703703703702,1.3888888888888888,0
VY,ALC-ALG,VY_ALC-ALG,True,104,0,1,103,99.03846153846155,0.9615384615384616,0.0,0
VY,ALG-ALC,VY_ALG-ALC,True,104,2,3,99,95.1923076923077,2.8846153846153846,1.9230769230769231,0
VY,ALG-BCN,VY_ALG-BCN,False,430,4,13,413,96.04651162790697,3.0232558139534884,0.9302325581395349,0
VY,ALG-BOD,VY_ALG-BOD,False,47,0,16,31,65.95744680851064,34.04255319148936,0.0,1
VY,ALG-MRS,VY_ALG-MRS,False,633,47,7,579,91.4691943127962,1.1058451816745656,7.424960505529225,0
VY,BCN-ALG,VY_BCN-ALG,False,421,4,22,395,93.82422802850357,5.225653206650831,0.9501187648456058,0
VY,MRS-ALG,VY_MRS-ALG,False,633,46,7,580,91.62717219589257,1.1058451816745656,7.266982622432859,0
XY,ALG-JED,XY_ALG-JED,False,108,2,6,100,92.5925925925926,5.555555555555555,1.8518518518518516,0
XY,ALG-MED,XY_ALG-MED,False,193,1,17,175,90.67357512953367,8.808290155440414,0.5181347150259068,1
XY,JED-ALG,XY_JED-ALG,False,276,3,9,264,95.65217391304348,3.260869565217391,1.0869565217391304,0
